object,slide_number_in_experiment,response,Answer.time_in_minutes,rt,utterance,workerid
Jessica,1,Jessica,3.3139,0,bot_check,0
bottle_glass_green,3,"[0.64, 0.23]",3.3139,17783,bottle,0
chair_wood_purple,4,"[0.88, 0.02]",3.3139,6967,chair,0
bowl_metal_green,5,"[0.87, 0.16]",3.3139,7751,bowl,0
boot_rubber_brown,6,"[0.86, 0.58]",3.3139,10584,boot,0
jacket_denim_purple,7,"[0.7, 0.2]",3.3139,7130,jacket,0
jacket_leather_original,8,"[0.83, 0.98]",3.3139,7496,jacket,0
cup_plastic_green,9,"[0.83, 0.14]",3.3139,11198,cup,0
plate_plastic_original,10,"[0.83, 0.08]",3.3139,3769,plate,0
box_wood_original,11,"[0.58, 0.73]",3.3139,5620,box,0
pitcher_metal_green,12,"[0.27, 0.23]",3.3139,5998,pitcher,0
cup_metal_green,13,"[0.69, 0.04]",3.3139,4842,cup,0
bag_plastic_blue,14,"[0.86, 0.12]",3.3139,5563,bag,0
table_wood_original,15,"[0.98, 0.98]",3.3139,5493,table,0
spoon_plastic_original,16,"[0.98, 0.98]",3.3139,3632,spoon,0
box_cardboard_blue,17,"[0.98, 0.01]",3.3139,7279,box,0
bowl_glass_original,18,"[0.98, 0.98]",3.3139,2966,bowl,0
spoon_metal_blue,19,"[0.98, 0.16]",3.3139,3928,spoon,0
table_metal_blue,20,"[0.97, 0.07]",3.3139,4025,table,0
plate_paper_original,21,"[0.99, 0.98]",3.3139,3741,plate,0
boot_leather_original,22,"[0.98, 0.82]",3.3139,7071,boot,0
spoon_wood_green,23,"[0.51, 0.25]",3.3139,7534,spoon,0
chair_plastic_green,24,"[0.77, 0.35]",3.3139,3984,chair,0
bag_paper_green,25,"[0.97, 0.08]",3.3139,6132,bag,0
chair_metal_original,26,"[0.73, 0.61]",3.3139,6685,chair,0
pitcher_plastic_blue,27,"[0.87, 0.1]",3.3139,4537,pitcher,0
pitcher_glass_original,28,"[0.98, 0.97]",3.3139,3094,pitcher,0
bottle_plastic_blue,29,"[0.96, 0.7]",3.3139,4185,bottle,0
Jennifer,1,Jennifer,1.74545,0,bot_check,1
bowl_glass_original,3,"[0.78, 0.78]",1.74545,4513,bowl,1
cup_metal_green,4,"[0.26, 0.23]",1.74545,4783,cup,1
spoon_wood_green,5,"[0.32, 0.31]",1.74545,3417,spoon,1
box_cardboard_blue,6,"[0.83, 0.23]",1.74545,4140,box,1
chair_plastic_green,7,"[0.7, 0.62]",1.74545,3758,chair,1
spoon_metal_blue,8,"[0.66, 0.38]",1.74545,3639,spoon,1
bowl_metal_green,9,"[0.72, 0.25]",1.74545,3352,bowl,1
bag_paper_green,10,"[0.75, 0.56]",1.74545,3153,bag,1
boot_rubber_brown,11,"[0.83, 0.81]",1.74545,3014,boot,1
jacket_leather_original,12,"[0.96, 0.92]",1.74545,2455,jacket,1
table_metal_blue,13,"[0.67, 0.31]",1.74545,2915,table,1
cup_plastic_green,14,"[0.97, 0.81]",1.74545,2454,cup,1
box_wood_original,15,"[0.79, 0.81]",1.74545,3079,box,1
chair_wood_purple,16,"[0.82, 0.19]",1.74545,2943,chair,1
bottle_glass_green,17,"[0.92, 0.87]",1.74545,2665,bottle,1
table_wood_original,18,"[0.84, 0.84]",1.74545,2306,table,1
bag_plastic_blue,19,"[0.81, 0.19]",1.74545,2590,bag,1
plate_plastic_original,20,"[0.79, 0.68]",1.74545,2496,plate,1
plate_paper_original,21,"[0.83, 0.81]",1.74545,2171,plate,1
pitcher_metal_green,22,"[0.81, 0.25]",1.74545,2648,pitcher,1
pitcher_plastic_blue,23,"[0.83, 0.62]",1.74545,2650,pitcher,1
bottle_plastic_blue,24,"[0.84, 0.84]",1.74545,2106,bottle,1
chair_metal_original,25,"[0.71, 0.22]",1.74545,3236,chair,1
spoon_plastic_original,26,"[0.88, 0.85]",1.74545,2843,spoon,1
jacket_denim_purple,27,"[0.71, 0.22]",1.74545,3714,jacket,1
pitcher_glass_original,28,"[0.85, 0.87]",1.74545,2920,pitcher,1
boot_leather_original,29,"[0.85, 0.85]",1.74545,8960,boot,1
Linda,1,Linda,24.809316666666668,0,bot_check,2
plate_paper_original,3,"[0.74, 0.91]",24.809316666666668,13302,plate,2
bowl_glass_original,4,"[0.93, 0.91]",24.809316666666668,8363,bowl,2
boot_rubber_brown,5,"[0.81, 0.66]",24.809316666666668,13487,boot,2
spoon_plastic_original,6,"[0.74, 0.89]",24.809316666666668,64978,spoon,2
bag_paper_green,7,"[0.58, 0.26]",24.809316666666668,10569,bag,2
boot_leather_original,8,"[0.76, 0.66]",24.809316666666668,8823,boot,2
box_cardboard_blue,9,"[0.97, 0.04]",24.809316666666668,16612,box,2
plate_plastic_original,10,"[0.8, 0.18]",24.809316666666668,14750,plate,2
spoon_wood_green,11,"[0.63, 0.09]",24.809316666666668,10091,spoon,2
table_metal_blue,12,"[0.83, 0.01]",24.809316666666668,10056,table,2
bag_plastic_blue,13,"[0.7, 0.51]",24.809316666666668,19780,bag,2
jacket_denim_purple,14,"[0.86, 0.69]",24.809316666666668,29893,jacket,2
bowl_metal_green,15,"[0.84, 0.02]",24.809316666666668,40188,bowl,2
spoon_metal_blue,16,"[0.91, 0.83]",24.809316666666668,21029,spoon,2
cup_metal_green,17,"[0.52, 0.03]",24.809316666666668,10140,cup,2
box_wood_original,18,"[0.75, 0.86]",24.809316666666668,47701,box,2
pitcher_glass_original,19,"[0.89, 0.96]",24.809316666666668,6480,pitcher,2
chair_metal_original,20,"[0.74, 0.38]",24.809316666666668,9099,chair,2
table_wood_original,21,"[0.94, 0.95]",24.809316666666668,8501,table,2
bottle_glass_green,22,"[0.79, 0.84]",24.809316666666668,64379,bottle,2
pitcher_plastic_blue,23,"[0.78, 0.46]",24.809316666666668,15864,pitcher,2
chair_plastic_green,24,"[0.77, 0.28]",24.809316666666668,60420,chair,2
cup_plastic_green,25,"[0.76, 0.24]",24.809316666666668,11193,cup,2
pitcher_metal_green,26,"[0.55, 0.03]",24.809316666666668,10934,pitcher,2
jacket_leather_original,27,"[0.8, 0.89]",24.809316666666668,7596,jacket,2
chair_wood_purple,28,"[0.87, 0]",24.809316666666668,6625,chair,2
bottle_plastic_blue,29,"[0.82, 0.73]",24.809316666666668,74210,bottle,2
Jennifer,1,Jennifer,2.8869833333333332,0,bot_check,3
table_metal_blue,3,"[0.57, 0.41]",2.8869833333333332,8080,table,3
box_cardboard_blue,4,"[0.68, 0.23]",2.8869833333333332,4270,box,3
boot_leather_original,5,"[0.75, 0.99]",2.8869833333333332,8791,boot,3
spoon_metal_blue,6,"[0.73, 0.02]",2.8869833333333332,4595,spoon,3
bottle_plastic_blue,7,"[0.74, 0.48]",2.8869833333333332,4044,bottle,3
spoon_wood_green,8,"[0.76, 0.37]",2.8869833333333332,5085,spoon,3
table_wood_original,9,"[0.66, 0.97]",2.8869833333333332,4782,table,3
cup_plastic_green,10,"[0.5, 0.23]",2.8869833333333332,3800,cup,3
bottle_glass_green,11,"[0.52, 0.51]",2.8869833333333332,3978,bottle,3
bag_paper_green,12,"[0.73, 0.34]",2.8869833333333332,4637,bag,3
jacket_denim_purple,13,"[0.73, 0.2]",2.8869833333333332,5088,jacket,3
chair_wood_purple,14,"[0.8, 0.02]",2.8869833333333332,4444,chair,3
box_wood_original,15,"[0.69, 0.62]",2.8869833333333332,4564,box,3
plate_plastic_original,16,"[0.69, 0.35]",2.8869833333333332,5890,plate,3
chair_metal_original,17,"[0.49, 0.57]",2.8869833333333332,9214,chair,3
jacket_leather_original,18,"[0.42, 0.59]",2.8869833333333332,12049,jacket,3
pitcher_metal_green,19,"[0.65, 0.22]",2.8869833333333332,4430,pitcher,3
chair_plastic_green,20,"[0.64, 0.2]",2.8869833333333332,5822,chair,3
cup_metal_green,21,"[0.74, 0]",2.8869833333333332,4666,cup,3
bag_plastic_blue,22,"[0.67, 0.17]",2.8869833333333332,4885,bag,3
bowl_metal_green,23,"[0.68, 0.14]",2.8869833333333332,5110,bowl,3
spoon_plastic_original,24,"[0.71, 0.98]",2.8869833333333332,10152,spoon,3
bowl_glass_original,25,"[0.73, 0.74]",2.8869833333333332,4341,bowl,3
pitcher_glass_original,26,"[0.78, 0.65]",2.8869833333333332,4518,pitcher,3
boot_rubber_brown,27,"[0.73, 0.48]",2.8869833333333332,5025,boot,3
pitcher_plastic_blue,28,"[0.75, 0.41]",2.8869833333333332,3341,pitcher,3
plate_paper_original,29,"[0.78, 0.97]",2.8869833333333332,6447,plate,3
Patricia,1,Patrica,2.0414,0,bot_check,4
Patricia,1,Patrica,2.0414,0,bot_check,4
Patricia,1,Patricia,2.0414,0,bot_check,4
bowl_metal_green,3,"[0.99, 0.99]",2.0414,6858,bowl,4
spoon_plastic_original,4,"[0.96, 0.95]",2.0414,6839,spoon,4
cup_plastic_green,5,"[0.99, 0.85]",2.0414,4080,cup,4
jacket_leather_original,6,"[0.97, 0.97]",2.0414,3713,jacket,4
spoon_wood_green,7,"[0.97, 0.81]",2.0414,5542,spoon,4
pitcher_glass_original,8,"[0.95, 0.98]",2.0414,6646,pitcher,4
box_cardboard_blue,9,"[1, 0.76]",2.0414,4609,box,4
bottle_plastic_blue,10,"[0.99, 0.97]",2.0414,3205,bottle,4
bottle_glass_green,11,"[0.98, 0.91]",2.0414,6416,bottle,4
spoon_metal_blue,12,"[0.99, 0.99]",2.0414,3145,spoon,4
table_wood_original,13,"[0.99, 0.98]",2.0414,3096,table,4
plate_plastic_original,14,"[1, 0.88]",2.0414,2579,plate,4
box_wood_original,15,"[0.97, 0.98]",2.0414,3065,box,4
chair_metal_original,16,"[0.99, 0.98]",2.0414,3083,chair,4
table_metal_blue,17,"[0.99, 0.92]",2.0414,2990,table,4
jacket_denim_purple,18,"[0.98, 0.81]",2.0414,3183,jacket,4
boot_rubber_brown,19,"[0.98, 0.98]",2.0414,2978,boot,4
cup_metal_green,20,"[0.98, 0.97]",2.0414,3458,cup,4
chair_plastic_green,21,"[0.99, 0.89]",2.0414,2721,chair,4
bag_plastic_blue,22,"[1, 0.99]",2.0414,2775,bag,4
plate_paper_original,23,"[1, 0.99]",2.0414,2824,plate,4
boot_leather_original,24,"[0.99, 0.98]",2.0414,3564,boot,4
bag_paper_green,25,"[0.98, 0.89]",2.0414,2707,bag,4
bowl_glass_original,26,"[0.99, 0.98]",2.0414,2538,bowl,4
pitcher_metal_green,27,"[1, 1]",2.0414,2884,pitcher,4
chair_wood_purple,28,"[1, 0.68]",2.0414,2681,chair,4
pitcher_plastic_blue,29,"[0.98, 0.99]",2.0414,2508,pitcher,4
Susan,1,Susan,5.597766666666667,0,bot_check,5
cup_metal_green,3,"[0.63, 0.26]",5.597766666666667,18210,cup,5
bag_paper_green,4,"[0.98, 0.56]",5.597766666666667,5720,bag,5
box_wood_original,5,"[1, 1]",5.597766666666667,6550,box,5
jacket_denim_purple,6,"[1, 0.16]",5.597766666666667,6695,jacket,5
chair_plastic_green,7,"[0.82, 0.47]",5.597766666666667,8330,chair,5
bottle_plastic_blue,8,"[0.98, 0.71]",5.597766666666667,4874,bottle,5
chair_wood_purple,9,"[0.65, 0.07]",5.597766666666667,6615,chair,5
box_cardboard_blue,10,"[0.72, 0.01]",5.597766666666667,6304,box,5
spoon_plastic_original,11,"[0.74, 0.73]",5.597766666666667,18601,spoon,5
boot_leather_original,12,"[1, 1]",5.597766666666667,3702,boot,5
plate_paper_original,13,"[0.73, 0.98]",5.597766666666667,10695,plate,5
plate_plastic_original,14,"[0.73, 0.53]",5.597766666666667,7716,plate,5
spoon_wood_green,15,"[0.7, 0.29]",5.597766666666667,5563,spoon,5
chair_metal_original,16,"[0.55, 0.51]",5.597766666666667,16878,chair,5
pitcher_glass_original,17,"[1, 1]",5.597766666666667,4589,pitcher,5
boot_rubber_brown,18,"[0.74, 0.52]",5.597766666666667,10904,boot,5
bowl_metal_green,19,"[0.73, 0.12]",5.597766666666667,6195,bowl,5
bowl_glass_original,20,"[0.7, 0.74]",5.597766666666667,4394,bowl,5
table_metal_blue,21,"[0.89, 0.05]",5.597766666666667,4517,table,5
spoon_metal_blue,22,"[0.66, 0.4]",5.597766666666667,6988,spoon,5
bag_plastic_blue,23,"[0.98, 0.34]",5.597766666666667,5291,bag,5
table_wood_original,24,"[0.97, 0.99]",5.597766666666667,4250,table,5
pitcher_metal_green,25,"[0.64, 0.1]",5.597766666666667,4638,pitcher,5
jacket_leather_original,26,"[0.99, 0.96]",5.597766666666667,4014,jacket,5
cup_plastic_green,27,"[0.99, 0.4]",5.597766666666667,5831,cup,5
bottle_glass_green,28,"[0.87, 0.72]",5.597766666666667,3345,bottle,5
pitcher_plastic_blue,29,"[0.71, 0.24]",5.597766666666667,4809,pitcher,5
Margaret,1,Margaret,3.495816666666667,0,bot_check,6
spoon_wood_green,3,"[0.85, 0.17]",3.495816666666667,4588,spoon,6
box_cardboard_blue,4,"[0.59, 0.48]",3.495816666666667,15515,box,6
cup_plastic_green,5,"[0.95, 0.5]",3.495816666666667,5768,cup,6
table_wood_original,6,"[0.96, 0.97]",3.495816666666667,9520,table,6
chair_plastic_green,7,"[0.89, 0.74]",3.495816666666667,15412,chair,6
boot_rubber_brown,8,"[0.93, 0.84]",3.495816666666667,4164,boot,6
bowl_metal_green,9,"[0.5, 0.64]",3.495816666666667,5200,bowl,6
pitcher_glass_original,10,"[1, 1]",3.495816666666667,3412,pitcher,6
box_wood_original,11,"[1, 1]",3.495816666666667,3784,box,6
chair_metal_original,12,"[0.87, 0.9]",3.495816666666667,4860,chair,6
plate_paper_original,13,"[0.97, 0.96]",3.495816666666667,2632,plate,6
bag_plastic_blue,14,"[0.74, 0.77]",3.495816666666667,2964,bag,6
pitcher_plastic_blue,15,"[0.92, 0.82]",3.495816666666667,11408,pitcher,6
bowl_glass_original,16,"[0.98, 0.99]",3.495816666666667,2583,bowl,6
table_metal_blue,17,"[0.82, 0.48]",3.495816666666667,5928,table,6
bag_paper_green,18,"[0.65, 0.6]",3.495816666666667,4668,bag,6
jacket_denim_purple,19,"[0.92, 0.4]",3.495816666666667,2872,jacket,6
plate_plastic_original,20,"[0.81, 0.34]",3.495816666666667,2480,plate,6
chair_wood_purple,21,"[0.84, 0.23]",3.495816666666667,36511,chair,6
bottle_glass_green,22,"[1, 1]",3.495816666666667,3040,bottle,6
bottle_plastic_blue,23,"[0.92, 0.91]",3.495816666666667,2468,bottle,6
boot_leather_original,24,"[1, 1]",3.495816666666667,10192,boot,6
spoon_metal_blue,25,"[0.72, 0.15]",3.495816666666667,3480,spoon,6
jacket_leather_original,26,"[1, 1]",3.495816666666667,3232,jacket,6
pitcher_metal_green,27,"[0.83, 0.46]",3.495816666666667,5984,pitcher,6
spoon_plastic_original,28,"[1, 1]",3.495816666666667,7059,spoon,6
cup_metal_green,29,"[0.78, 0.26]",3.495816666666667,3888,cup,6
Linda,1,Linda,2.056766666666667,0,bot_check,7
chair_plastic_green,3,"[0.74, 0.06]",2.056766666666667,5857,chair,7
bottle_glass_green,4,"[0.93, 0.5]",2.056766666666667,8104,bottle,7
chair_metal_original,5,"[0.49, 0.78]",2.056766666666667,3801,chair,7
pitcher_glass_original,6,"[1, 1]",2.056766666666667,2752,pitcher,7
pitcher_metal_green,7,"[0.34, 0.11]",2.056766666666667,7225,pitcher,7
boot_leather_original,8,"[1, 1]",2.056766666666667,2768,boot,7
plate_paper_original,9,"[1, 1]",2.056766666666667,2608,plate,7
spoon_metal_blue,10,"[1, 0.17]",2.056766666666667,4153,spoon,7
pitcher_plastic_blue,11,"[0.94, 0.29]",2.056766666666667,3529,pitcher,7
box_wood_original,12,"[1, 1]",2.056766666666667,3320,box,7
cup_plastic_green,13,"[1, 0.28]",2.056766666666667,2656,cup,7
bottle_plastic_blue,14,"[1, 1]",2.056766666666667,3329,bottle,7
jacket_leather_original,15,"[0.66, 1]",2.056766666666667,4512,jacket,7
box_cardboard_blue,16,"[1, 0.31]",2.056766666666667,4152,box,7
plate_plastic_original,17,"[1, 0.18]",2.056766666666667,3313,plate,7
cup_metal_green,18,"[0.28, 0.08]",2.056766666666667,4768,cup,7
jacket_denim_purple,19,"[0.88, 0.3]",2.056766666666667,4796,jacket,7
spoon_wood_green,20,"[0.82, 0]",2.056766666666667,6231,spoon,7
bowl_glass_original,21,"[1, 1]",2.056766666666667,2502,bowl,7
table_wood_original,22,"[1, 1]",2.056766666666667,2513,table,7
spoon_plastic_original,23,"[0.48, 1]",2.056766666666667,6602,spoon,7
table_metal_blue,24,"[0.73, 0.14]",2.056766666666667,3039,table,7
bag_paper_green,25,"[1, 0]",2.056766666666667,3801,bag,7
bag_plastic_blue,26,"[1, 0.16]",2.056766666666667,3672,bag,7
boot_rubber_brown,27,"[0.7, 0.47]",2.056766666666667,3929,boot,7
chair_wood_purple,28,"[1, 0]",2.056766666666667,3481,chair,7
bowl_metal_green,29,"[0.79, 0.12]",2.056766666666667,3631,bowl,7
Susan,1,Susan,3.229416666666667,0,bot_check,8
bowl_glass_original,3,"[0.97, 0.99]",3.229416666666667,7095,bowl,8
pitcher_plastic_blue,4,"[0.99, 0.97]",3.229416666666667,3704,pitcher,8
chair_plastic_green,5,"[0.99, 0.53]",3.229416666666667,5068,chair,8
plate_paper_original,6,"[0.98, 0.98]",3.229416666666667,5047,plate,8
boot_leather_original,7,"[0.99, 0.99]",3.229416666666667,22585,boot,8
chair_metal_original,8,"[0.98, 0.97]",3.229416666666667,7060,chair,8
table_wood_original,9,"[0.98, 0.98]",3.229416666666667,3807,table,8
bottle_plastic_blue,10,"[0.97, 0.98]",3.229416666666667,5752,bottle,8
bottle_glass_green,11,"[0.97, 0.99]",3.229416666666667,4855,bottle,8
spoon_metal_blue,12,"[0.97, 0.71]",3.229416666666667,5406,spoon,8
cup_metal_green,13,"[0.99, 0.21]",3.229416666666667,5071,cup,8
bowl_metal_green,14,"[0.99, 0.07]",3.229416666666667,5455,bowl,8
box_cardboard_blue,15,"[0.97, 0.01]",3.229416666666667,5719,box,8
box_wood_original,16,"[0.99, 0.99]",3.229416666666667,14128,box,8
plate_plastic_original,17,"[0.98, 0.4]",3.229416666666667,6066,plate,8
spoon_plastic_original,18,"[0.97, 0.98]",3.229416666666667,3769,spoon,8
cup_plastic_green,19,"[0.99, 0.38]",3.229416666666667,3162,cup,8
jacket_leather_original,20,"[0.98, 0.99]",3.229416666666667,3757,jacket,8
bag_plastic_blue,21,"[0.98, 0.16]",3.229416666666667,4573,bag,8
chair_wood_purple,22,"[0.97, 0]",3.229416666666667,5494,chair,8
table_metal_blue,23,"[0.97, 0.04]",3.229416666666667,4640,table,8
pitcher_metal_green,24,"[0.97, 0.03]",3.229416666666667,4925,pitcher,8
jacket_denim_purple,25,"[0.99, 0.16]",3.229416666666667,4912,jacket,8
boot_rubber_brown,26,"[1, 0.96]",3.229416666666667,3838,boot,8
pitcher_glass_original,27,"[0.98, 0.98]",3.229416666666667,3863,pitcher,8
spoon_wood_green,28,"[0.97, 0.17]",3.229416666666667,3375,spoon,8
bag_paper_green,29,"[0.98, 0.47]",3.229416666666667,3960,bag,8
Patricia,1,Patricia ,3.4401166666666665,0,bot_check,9
Patricia,1,Patricia ,3.4401166666666665,0,bot_check,9
Patricia,1,Patricia,3.4401166666666665,0,bot_check,9
box_cardboard_blue,3,"[0.87, 0.25]",3.4401166666666665,9248,box,9
spoon_plastic_original,4,"[0.92, 0.89]",3.4401166666666665,3827,spoon,9
chair_plastic_green,5,"[0.61, 0.4]",3.4401166666666665,5445,chair,9
bowl_metal_green,6,"[0.68, 0.43]",3.4401166666666665,6793,bowl,9
box_wood_original,7,"[0.8, 0.81]",3.4401166666666665,5136,box,9
bottle_glass_green,8,"[0.73, 0.74]",3.4401166666666665,28391,bottle,9
bag_paper_green,9,"[0.75, 0.22]",3.4401166666666665,5854,bag,9
table_wood_original,10,"[0.87, 0.88]",3.4401166666666665,4356,table,9
chair_metal_original,11,"[0.47, 0.46]",3.4401166666666665,5026,chair,9
plate_plastic_original,12,"[0.81, 0.48]",3.4401166666666665,5520,plate,9
pitcher_glass_original,13,"[0.84, 0.91]",3.4401166666666665,3277,pitcher,9
table_metal_blue,14,"[0.58, 0.3]",3.4401166666666665,6011,table,9
bag_plastic_blue,15,"[0.74, 0.66]",3.4401166666666665,4050,bag,9
jacket_leather_original,16,"[0.98, 0.98]",3.4401166666666665,5426,jacket,9
bottle_plastic_blue,17,"[0.82, 0.74]",3.4401166666666665,5491,bottle,9
plate_paper_original,18,"[0.95, 0.97]",3.4401166666666665,3587,plate,9
boot_leather_original,19,"[1, 1]",3.4401166666666665,5192,boot,9
boot_rubber_brown,20,"[0.88, 0.53]",3.4401166666666665,5316,boot,9
bowl_glass_original,21,"[0.63, 0.5]",3.4401166666666665,7442,bowl,9
pitcher_plastic_blue,22,"[0.88, 0.49]",3.4401166666666665,4520,pitcher,9
cup_plastic_green,23,"[0.77, 0.59]",3.4401166666666665,8379,cup,9
spoon_wood_green,24,"[0.55, 0.45]",3.4401166666666665,4636,spoon,9
cup_metal_green,25,"[0.72, 0.52]",3.4401166666666665,5919,cup,9
chair_wood_purple,26,"[0.8, 0.22]",3.4401166666666665,6403,chair,9
jacket_denim_purple,27,"[0.87, 0.88]",3.4401166666666665,3774,jacket,9
pitcher_metal_green,28,"[0.39, 0.35]",3.4401166666666665,8920,pitcher,9
spoon_metal_blue,29,"[0.93, 0.53]",3.4401166666666665,15448,spoon,9
Margaret,1,Margaret,3.39055,0,bot_check,10
chair_metal_original,3,"[1, 1]",3.39055,5003,chair,10
bottle_plastic_blue,4,"[1, 1]",3.39055,2833,bottle,10
boot_leather_original,5,"[1, 1]",3.39055,2831,boot,10
box_wood_original,6,"[1, 1]",3.39055,3273,box,10
spoon_plastic_original,7,"[1, 1]",3.39055,3016,spoon,10
cup_metal_green,8,"[0.53, 0.16]",3.39055,6287,cup,10
cup_plastic_green,9,"[1, 0.36]",3.39055,4120,cup,10
pitcher_glass_original,10,"[1, 1]",3.39055,2791,pitcher,10
boot_rubber_brown,11,"[1, 1]",3.39055,2559,boot,10
box_cardboard_blue,12,"[1, 0.24]",3.39055,5552,box,10
bag_plastic_blue,13,"[1, 0.5]",3.39055,5608,bag,10
spoon_metal_blue,14,"[1, 0.21]",3.39055,5551,spoon,10
jacket_leather_original,15,"[1, 1]",3.39055,35024,jacket,10
bottle_glass_green,16,"[1, 0.39]",3.39055,3719,bottle,10
chair_wood_purple,17,"[1, 0]",3.39055,5416,chair,10
bag_paper_green,18,"[1, 0.23]",3.39055,3233,bag,10
bowl_metal_green,19,"[0.51, 0.31]",3.39055,3824,bowl,10
spoon_wood_green,20,"[1, 0]",3.39055,3975,spoon,10
chair_plastic_green,21,"[1, 0.19]",3.39055,3192,chair,10
pitcher_metal_green,22,"[1, 0.05]",3.39055,3175,pitcher,10
pitcher_plastic_blue,23,"[1, 1]",3.39055,2991,pitcher,10
plate_plastic_original,24,"[1, 0.79]",3.39055,4832,plate,10
jacket_denim_purple,25,"[1, 0.15]",3.39055,4208,jacket,10
table_metal_blue,26,"[1, 0.2]",3.39055,3105,table,10
plate_paper_original,27,"[1, 1]",3.39055,2471,plate,10
table_wood_original,28,"[1, 1]",3.39055,2504,table,10
bowl_glass_original,29,"[1, 1]",3.39055,3009,bowl,10
Jessica,1,,5.896433333333333,0,bot_check,11
Jessica,1,jessica,5.896433333333333,0,bot_check,11
table_wood_original,3,"[0.94, 0.91]",5.896433333333333,9334,table,11
pitcher_glass_original,4,"[0.6, 0.86]",5.896433333333333,9503,pitcher,11
box_wood_original,5,"[0.18, 0.76]",5.896433333333333,10456,box,11
jacket_denim_purple,6,"[0.96, 0.82]",5.896433333333333,7664,jacket,11
chair_wood_purple,7,"[0.91, 0.06]",5.896433333333333,10423,chair,11
bowl_metal_green,8,"[0.91, 0.12]",5.896433333333333,6415,bowl,11
boot_rubber_brown,9,"[0.1, 0.05]",5.896433333333333,9680,boot,11
bottle_glass_green,10,"[0.93, 0.95]",5.896433333333333,9286,bottle,11
boot_leather_original,11,"[0.86, 0.95]",5.896433333333333,18993,boot,11
spoon_plastic_original,12,"[0.92, 0.43]",5.896433333333333,14359,spoon,11
pitcher_metal_green,13,"[0.2, 0.08]",5.896433333333333,11984,pitcher,11
cup_metal_green,14,"[0.9, 0.04]",5.896433333333333,10767,cup,11
bottle_plastic_blue,15,"[0.7, 0.78]",5.896433333333333,38720,bottle,11
spoon_wood_green,16,"[0.03, 0.07]",5.896433333333333,10679,spoon,11
bag_paper_green,17,"[0.9, 0.17]",5.896433333333333,8247,bag,11
plate_plastic_original,18,"[0.06, 0.87]",5.896433333333333,10135,plate,11
cup_plastic_green,19,"[0.1, 0.95]",5.896433333333333,8207,cup,11
table_metal_blue,20,"[0.82, 0.08]",5.896433333333333,9992,table,11
pitcher_plastic_blue,21,"[0.89, 0.94]",5.896433333333333,49176,pitcher,11
box_cardboard_blue,22,"[0.93, 0.08]",5.896433333333333,6481,box,11
chair_plastic_green,23,"[0.93, 0.06]",5.896433333333333,4895,chair,11
spoon_metal_blue,24,"[0.07, 0.04]",5.896433333333333,5951,spoon,11
bowl_glass_original,25,"[0.9, 0.97]",5.896433333333333,11818,bowl,11
chair_metal_original,26,"[0.95, 0.86]",5.896433333333333,5542,chair,11
plate_paper_original,27,"[0.92, 0.94]",5.896433333333333,4960,plate,11
bag_plastic_blue,28,"[0.93, 0.94]",5.896433333333333,17303,bag,11
jacket_leather_original,29,"[0.98, 0.89]",5.896433333333333,7008,jacket,11
Linda,1,Linda,2.2699166666666666,0,bot_check,12
pitcher_plastic_blue,3,"[0.92, 0.66]",2.2699166666666666,5277,pitcher,12
chair_plastic_green,4,"[0.93, 0.46]",2.2699166666666666,4489,chair,12
spoon_metal_blue,5,"[0.15, 0.05]",2.2699166666666666,6557,spoon,12
cup_plastic_green,6,"[0.94, 0.17]",2.2699166666666666,5054,cup,12
jacket_leather_original,7,"[0.85, 0.97]",2.2699166666666666,9065,jacket,12
pitcher_metal_green,8,"[0.64, 0.05]",2.2699166666666666,7722,pitcher,12
bowl_glass_original,9,"[0.79, 0.82]",2.2699166666666666,3316,bowl,12
bottle_glass_green,10,"[0.99, 0.79]",2.2699166666666666,3638,bottle,12
cup_metal_green,11,"[0.96, 0.19]",2.2699166666666666,3832,cup,12
bag_paper_green,12,"[0.96, 0.54]",2.2699166666666666,3454,bag,12
plate_paper_original,13,"[0.95, 0.95]",2.2699166666666666,3267,plate,12
table_wood_original,14,"[0.9, 0.86]",2.2699166666666666,3510,table,12
chair_wood_purple,15,"[0.9, 0.19]",2.2699166666666666,5635,chair,12
bag_plastic_blue,16,"[0.86, 0.33]",2.2699166666666666,3080,bag,12
plate_plastic_original,17,"[0.87, 0.45]",2.2699166666666666,4537,plate,12
chair_metal_original,18,"[0.48, 0.54]",2.2699166666666666,6257,chair,12
box_wood_original,19,"[0.95, 0.93]",2.2699166666666666,3397,box,12
spoon_wood_green,20,"[0.49, 0.35]",2.2699166666666666,4948,spoon,12
boot_rubber_brown,21,"[0.68, 0.75]",2.2699166666666666,3259,boot,12
bowl_metal_green,22,"[0.52, 0.26]",2.2699166666666666,3946,bowl,12
bottle_plastic_blue,23,"[0.96, 0.88]",2.2699166666666666,3058,bottle,12
spoon_plastic_original,24,"[0.94, 0.95]",2.2699166666666666,3008,spoon,12
jacket_denim_purple,25,"[0.52, 0.07]",2.2699166666666666,4916,jacket,12
pitcher_glass_original,26,"[0.89, 0.89]",2.2699166666666666,3389,pitcher,12
boot_leather_original,27,"[0.97, 0.97]",2.2699166666666666,2976,boot,12
box_cardboard_blue,28,"[0.8, 0.36]",2.2699166666666666,5402,box,12
table_metal_blue,29,"[0.57, 0.3]",2.2699166666666666,4867,table,12
Sarah,1,sarah,2.4903666666666666,0,bot_check,13
bag_plastic_blue,3,"[0.77, 0.9]",2.4903666666666666,49504,bag,13
chair_wood_purple,4,"[0.95, 0.89]",2.4903666666666666,6109,chair,13
table_metal_blue,5,"[0.71, 0.88]",2.4903666666666666,3040,table,13
bag_paper_green,6,"[0.9, 0.7]",2.4903666666666666,4420,bag,13
jacket_leather_original,7,"[0.94, 1]",2.4903666666666666,4734,jacket,13
boot_rubber_brown,8,"[0.67, 0.25]",2.4903666666666666,4479,boot,13
plate_plastic_original,9,"[0.84, 0.38]",2.4903666666666666,7454,plate,13
plate_paper_original,10,"[0.99, 0.92]",2.4903666666666666,2512,plate,13
bowl_metal_green,11,"[0.95, 0.31]",2.4903666666666666,4037,bowl,13
box_cardboard_blue,12,"[0.99, 0.27]",2.4903666666666666,4004,box,13
pitcher_glass_original,13,"[0.97, 0.96]",2.4903666666666666,2550,pitcher,13
box_wood_original,14,"[0.97, 0.95]",2.4903666666666666,3032,box,13
boot_leather_original,15,"[0.96, 0.98]",2.4903666666666666,2800,boot,13
jacket_denim_purple,16,"[0.97, 0.61]",2.4903666666666666,2631,jacket,13
bottle_glass_green,17,"[0.95, 0.97]",2.4903666666666666,2488,bottle,13
pitcher_plastic_blue,18,"[0.96, 0.43]",2.4903666666666666,2271,pitcher,13
bowl_glass_original,19,"[0.96, 0.95]",2.4903666666666666,2536,bowl,13
cup_plastic_green,20,"[0.97, 0.47]",2.4903666666666666,2789,cup,13
bottle_plastic_blue,21,"[0.96, 0.85]",2.4903666666666666,2153,bottle,13
cup_metal_green,22,"[0.96, 0.17]",2.4903666666666666,1895,cup,13
pitcher_metal_green,23,"[0.91, 0.28]",2.4903666666666666,2649,pitcher,13
spoon_plastic_original,24,"[0.94, 0.94]",2.4903666666666666,2616,spoon,13
spoon_metal_blue,25,"[0.94, 0.24]",2.4903666666666666,1880,spoon,13
chair_plastic_green,26,"[0.97, 0.14]",2.4903666666666666,1873,chair,13
spoon_wood_green,27,"[0.96, 0.2]",2.4903666666666666,1959,spoon,13
table_wood_original,28,"[0.95, 0.92]",2.4903666666666666,2513,table,13
chair_metal_original,29,"[0.96, 0.87]",2.4903666666666666,5847,chair,13
Elizabeth,1,Elizabeth,8.334633333333333,0,bot_check,14
table_metal_blue,3,"[0.87, 0.16]",8.334633333333333,5969,table,14
bag_plastic_blue,4,"[1, 0.75]",8.334633333333333,4512,bag,14
cup_metal_green,5,"[0.52, 0.1]",8.334633333333333,4246,cup,14
pitcher_glass_original,6,"[1, 1]",8.334633333333333,4593,pitcher,14
spoon_wood_green,7,"[0.91, 0.48]",8.334633333333333,4261,spoon,14
chair_plastic_green,8,"[1, 0.24]",8.334633333333333,12287,chair,14
bowl_metal_green,9,"[0.62, 0.18]",8.334633333333333,15219,bowl,14
pitcher_metal_green,10,"[0.4, 0.12]",8.334633333333333,4275,pitcher,14
pitcher_plastic_blue,11,"[1, 0.45]",8.334633333333333,55883,pitcher,14
box_wood_original,12,"[1, 1]",8.334633333333333,3308,box,14
bottle_plastic_blue,13,"[0.84, 0.45]",8.334633333333333,13167,bottle,14
spoon_plastic_original,14,"[1, 0.77]",8.334633333333333,36869,spoon,14
jacket_leather_original,15,"[1, 0.88]",8.334633333333333,63402,jacket,14
bottle_glass_green,16,"[1, 0.56]",8.334633333333333,33868,bottle,14
plate_plastic_original,17,"[0.51, 0.13]",8.334633333333333,7034,plate,14
boot_leather_original,18,"[1, 0.86]",8.334633333333333,3983,boot,14
bowl_glass_original,19,"[1, 0.99]",8.334633333333333,38981,bowl,14
chair_metal_original,20,"[0.54, 0.42]",8.334633333333333,4581,chair,14
plate_paper_original,21,"[1, 1]",8.334633333333333,107356,plate,14
table_wood_original,22,"[1, 1]",8.334633333333333,3212,table,14
boot_rubber_brown,23,"[0.78, 0.89]",8.334633333333333,9549,boot,14
bag_paper_green,24,"[0.75, 0.19]",8.334633333333333,14902,bag,14
jacket_denim_purple,25,"[0.57, 0.11]",8.334633333333333,4138,jacket,14
cup_plastic_green,26,"[1, 0.2]",8.334633333333333,6267,cup,14
spoon_metal_blue,27,"[0.6, 0.06]",8.334633333333333,6433,spoon,14
box_cardboard_blue,28,"[1, 0]",8.334633333333333,3982,box,14
chair_wood_purple,29,"[0.86, 0.22]",8.334633333333333,4520,chair,14
